,actor,image_url,index,real_time,record_time,time,title
0,"主演：小罗伯特·唐尼,克里斯·埃文斯,马克·鲁法洛",https://p0.meituan.net/moviemachine/f7d2ad70eb79d6d9b8a197713db9b8c41711752.jpg@160w_220h_1e_1c,1,未识别亿,2019-04-25 17:34:33,上映时间：2019-04-24,复仇者联盟4：终局之战
1,"主演：古天乐,郑嘉颖,林峯",https://p1.meituan.net/movie/c63849c7a9de360a7b192bc322792a111705236.jpg@160w_220h_1e_1c,2,未识别万,2019-04-25 17:34:36,上映时间：2019-04-04,反贪风暴4
2,"主演：阿尤斯曼·库拉纳,塔布,拉迪卡·艾普特",https://p0.meituan.net/movie/29caaa1b66c95807a3f4d29b5b03644b1876102.jpg@160w_220h_1e_1c,3,未识别万,2019-04-25 17:34:39,上映时间：2019-04-03,调音师
3,"主演：阿部宽,松岛菜菜子,沟端淳平",https://p0.meituan.net/movie/e787bd539f358ba9550b6d9e301c0ca51995242.jpg@160w_220h_1e_1c,4,未识别万,2019-04-25 17:34:42,上映时间：2019-04-12,祈祷落幕时
4,"主演：黄磊,闫妮,韩童生",https://p0.meituan.net/movie/175e3b5904e003295868a580ae8b43a22095723.jpg@160w_220h_1e_1c,5,未识别万,2019-04-25 17:34:44,上映时间：2019-04-20,狗眼看人心
5,"主演：海拉提·哈木,玛尔江.巴依吐肯,丽娜·夏侃",https://p0.meituan.net/movie/c0433df2d57619a0a6774106feb124524057271.jpg@160w_220h_1e_1c,6,未识别万,2019-04-25 17:34:47,上映时间：2018-09-11,远去的牧歌
6,,https://p0.meituan.net/movie/03f56f92da21e19959a7e06f9a967f7f7475448.jpg@160w_220h_1e_1c,7,未识别万,2019-04-25 17:34:50,上映时间：2019-04-05,青蛙王子历险记
7,"主演：于谦,汤梦佳,王广源",https://p0.meituan.net/movie/b8821d597382e319f9679b7e24e49d113204356.jpg@160w_220h_1e_1c,8,未识别万,2019-04-25 17:34:53,上映时间：2019-03-22,老师·好
8,"主演：陈晓,杜鹃,王嘉",https://p0.meituan.net/movie/6ce734e582eb6ad7158e558edf765c263029211.jpg@160w_220h_1e_1c,9,未识别万,2019-04-25 17:34:55,上映时间：2019-04-19,如影随心
9,"主演：吴超,宋佳伦,周也",https://p1.meituan.net/movie/bf4b518d4f43de6281ad373bda34665212110573.jpg@160w_220h_1e_1c,10,未识别万,2019-04-25 17:34:58,上映时间：2019-04-11,难以置信
